Gender,first_name,last_name,Grade
Male,Gaven,Arrundale,20
Female,Noell,Matthewes,11
Female,Myra,Shapland,19
Male,Chane,Bossom,13
Female,Rivy,McClean,20
Female,Evey,Lawn,19
Male,Farlee,Drought,17
Male,Rodney,Jaine,17
Female,Lorette,Reason,16
Male,Tim,Jikylls,20
Male,Gerald,Aronow,18
Male,Cesaro,Blain,12
Female,Arabele,Eick,14
Male,Aristotle,Glashby,16
Female,Vanya,Sheaber,16
Female,Patrizia,McCrum,18
Male,Liam,D'Antoni,20
Female,Ceil,Cazereau,17
Female,Leah,Arthy,20
Male,Amos,Purslow,17
Male,Sutherlan,Fluck,17
Female,Chantalle,Lerohan,16
Female,Cleopatra,Dunniom,17
Female,Tabbitha,Barok,13
Female,Kerri,Joannic,17
Female,Erinn,Paumier,15
Male,Manfred,Tremethack,20
Female,Cary,Burchett,17
Female,Cathryn,Hartford,13
Male,Salomon,Ambler,20
Male,Hew,Goley,15
Male,Zechariah,Wilse,16
Female,Adriaens,Stubbin,12
Female,Dorey,Hazeman,12
Male,Melloney,Pountain,16
Male,Dougy,Pelham,18
Male,Jacky,Austins,18
Female,Viviyan,Viegas,18
Female,Doll,Camelin,12
Male,Cam,Quiddinton,20
Male,Taylor,Stiller,17
Female,Erin,Fidelus,18
Female,Danila,Favey,17
Male,Andrew,Wheldon,10
Female,Coral,Beasant,20
Male,Aloysius,Tregunnah,16
Male,Darrick,Curado,17
Male,Wylie,Crinidge,11
Female,Beverlie,Philippard,13
Female,Ajay,Tuffrey,10
Female,Candide,Guslon,12
Female,Annissa,MacNelly,10
Female,Dione,Shank,17
Male,Mauricio,Cawcutt,17
Male,Durand,Le Cornu,20
Male,Linn,Goatcher,15
Female,Callida,Ecclesall,13
Male,Hendrick,Evins,14
Male,Penny,Trapp,18
Female,Ianthe,Shead,12
Female,Doll,Hazlegrove,18
Male,Alphonso,Lobell,19
Male,Monti,Sterke,14
Female,Magda,Molineux,10
Female,Ashlan,Gibbeson,18
Female,Pattie,Inger,19
Male,Quintus,Noe,10
Male,Der,Thal,11
Male,Armando,De Malchar,17
Male,Morty,Dysart,19
Female,Marie-jeanne,Pirson,13
Female,Berta,Nan Carrow,12
Male,Silvanus,Brunskill,19
Male,Maximilianus,Gresser,12
Female,Goldi,Spinley,19
Male,Ody,Lipgens,14
Male,Gardner,Shorland,20
Female,Sharla,Fronczak,20
Male,Angel,Hurleston,18
Female,Klarrisa,Stuckey,12
Male,Arvy,Lorentzen,17
Female,Eddy,Hallgath,12
Female,Eba,McAughtrie,14
Male,Cecilio,Flannigan,13
Female,Shaine,Wibrew,18
Female,Joy,Wadeson,18
Female,Nikaniki,Arkell,19
Female,Karlie,Fallawe,13
Male,Deeann,Brindley,10
Female,Giulia,McIlenna,13
Male,Upton,Millin,19
Male,Aluino,Itzkovsky,17
Female,Dodi,Roome,17
Female,Joey,Ruppelin,16
Female,Ashley,Harvett,20
Female,Prudence,Allard,13
Female,Ruthann,Vlasenko,18
Male,Harold,Cruttenden,14
Female,Natka,Willans,13
Male,Barnaby,Loughead,11
Female,Berry,Aspall,13
Male,Hasheem,O'Dougherty,11
Female,Gusta,Astling,20
Male,Jaye,Looby,17
Female,Amye,Kimmitt,11
Female,Barbi,De Vaux,17
Male,Noel,Catterill,16
Male,Colan,Kobierski,20
Female,Melisandra,Pencott,15
Male,Nikita,Bennion,14
Male,Bernhard,Sotworth,13
Male,Brander,Ainscough,11
Female,Sonni,Semor,19
Female,Jeannine,Hobbema,18
Female,Annetta,Camilleri,12
Female,Phillie,Robey,14
Male,Clevey,O'Dreain,13
Female,Ella,Earengey,15
Male,Carl,Moden,20
Male,Hube,Goodrick,20
Female,Rosalinde,Ivic,15
Male,Reeva,Cocozza,11
Female,Kary,Filipychev,19
Male,Mychal,Francino,17
Female,Sissie,Mound,15
Male,Isiahi,Moncreif,12
Male,Swen,Ledgard,14
Male,Kerby,Beine,13
Female,Doralin,Tomasek,17
Male,Kirby,Toffalo,13
Female,Dyanne,Wrout,14
Male,Hastings,McConnell,19
Female,Salvador,Lumox,12
Male,Rogers,Bonifas,13
Female,Vikki,Thredder,12
Female,Viole,March,18
Male,Brnaby,O'Dreain,18
Male,Lucius,Giffen,17
Female,Linnell,Swidenbank,19
Female,Ginelle,Wellbelove,18
Male,West,McGuckin,19
Male,Erwin,Rupert,12
Male,Basile,Bowbrick,12
Male,Piotr,Ledgeway,14
Male,Leroy,Pardal,12
Male,Rodger,Terne,12
Male,Em,Milthorpe,12
Female,Cora,Severn,17
Female,Elisa,Riggey,11
Male,Broddie,Neild,12
Female,Corette,Pleager,17
Male,Keven,Peperell,10
Female,Bridgette,Seelbach,14
Male,Teddy,Soot,15
Male,Nick,Penzer,20
Female,Johnette,Wilkerson,19
Male,Stacee,Emma,17
Male,Ly,Lounds,12
Male,Brant,Wickersley,13
Female,Cherlyn,Burfoot,19
Female,Zorah,Doge,11
Female,Jolene,Gatfield,17
Male,Cammy,Tanguy,18
Male,Humfrey,Larcier,16
Female,Sher,Skipping,15
Female,Nadiya,Stiebler,18
Male,Iggy,Archambault,18
Male,Trefor,Tough,10
Female,Krissy,Osmant,20
Female,Clair,Walczynski,10
Male,Teodoro,Dunseith,14
Male,Franny,Colliar,14
Female,Amandy,De Cruze,19
Female,Dawna,Leversuch,13
Male,Kale,Linthead,11
Male,Tyrus,Scollard,13
Female,Cairistiona,Aldhous,12
Female,Heloise,Lennox,18
Male,Janetta,Adamovitz,20
Male,Nowell,Twigger,12
Male,Jay,Domsalla,17
Male,Haydon,Filimore,16
Female,Claribel,Tewelson,15
Male,Sascha,Astridge,17
Female,Emilie,Tallman,16
Female,Giulietta,Swanton,14
Female,Alison,Shaudfurth,15
Female,Gayle,Malcher,20
Female,Raychel,Hilldrop,12
Male,Silas,Burnell,19
Male,Lilas,Vedyaev,13
Male,Eduino,Grent,12
Female,Korry,Lancetter,15
Male,Scotti,Breagan,18
Female,Myrta,Slade,17
Female,Den,Moncreiffe,16
Male,Trevar,Hove,20
Male,Sid,Dishmon,16
Female,Rahal,Cobbald,11
Male,Zaccaria,Tucsell,18
Female,Alina,Yockley,13
Female,Gaylor,Stone,11
Male,Rollie,McKibben,18
Female,Doti,Jakucewicz,16
Female,Abie,Palay,11
Male,Billie,Arnell,14
Male,Ewell,Lathwood,20
Female,Phyllis,Lenaghen,15
Female,Jordanna,Illes,18
Male,Martainn,Stanners,20
Female,Christel,Bortolazzi,15
Male,Syman,Bischop,18
Male,Jorgan,Vamplus,19
Female,Tammie,Dutteridge,17
Female,Micheline,Beteriss,19
Male,Adams,Bullman,20
Male,Austen,Dodswell,16
Male,Sherlock,Borrows,13
Female,Lidia,Pfeffle,14
Male,Gaven,Titterell,17
Female,Marieann,Artis,20
Female,Eudora,Pail,19
Male,Burk,Lethebridge,10
Female,Marla,Prozescky,10
Female,Perla,Sneezum,20
Male,Craggie,Crepel,12
Female,Gertruda,Steptoe,20
Female,Lilia,Cripwell,13
Female,Vivyanne,Furmonger,10
Male,Elliot,Gerrill,17
Male,Hilliary,Branigan,13
Male,Chick,Jirasek,12
Male,Richmond,Fulle,16
Male,Efren,Beagles,13
Male,Calhoun,Christy,16
Male,Richart,Yven,13
Female,Lenka,Follows,12
Male,Stan,Yerrell,19
Male,Skip,Surcomb,15
Male,Merry,Corry,12
Female,Rhianna,Beechcraft,15
Male,Donnie,Hacksby,17
Female,Crissie,Sargison,10
Male,Verge,Eggins,14
Male,Jose,Fasset,14
Male,Geoffrey,Wickstead,10
Male,Mendy,Wapple,11
Male,Shay,Tander,11
Male,Justen,Admans,10
Male,Adan,Pfeiffer,10
Male,Ellwood,Colombier,13
Male,Corty,Culp,14
Female,Jacqui,Goundrill,20
Male,Cleavland,Cubitt,20
Male,Ryun,Rebillard,10
Male,Burty,Escritt,16
Female,Phelia,O'Dennehy,17
Female,Chad,Slobom,14
Female,Lila,Lindner,16
Male,Reinold,Lehrian,13
Male,Si,Warlow,19
Male,Vaughan,Ambrosoni,15
Female,Rhodia,Bredgeland,12
Male,Quent,Braidwood,17
Male,Kile,Chese,19
Female,Corrine,Sillars,11
Male,Elnar,Bellino,18
Female,Allix,Dunkersley,12
Male,Denny,Gadman,18
Female,Almeria,Kelle,10
Female,Jenine,Twining,12
Female,Pansie,Bowhey,11
Female,Carrie,McPake,18
Female,Caresse,Kenningley,19
Male,Brocky,Klausewitz,19
Male,Ferdie,Parysowna,19
Female,Alena,Ricards,15
Male,Dene,Ricciardello,10
Male,Valentine,MacGillicuddy,11
Male,Benedikt,Frantz,11
Male,Merill,Issit,10
Male,Ingar,Bisley,19
Male,Farleigh,Bleakley,10
Male,Krystalle,Penlington,12
Male,Martie,Whifen,19
Male,Teodorico,Dytham,13
Male,Friederike,Bancroft,13
Male,Mayne,MacKellen,13
Female,Timmy,Ungerer,11
Male,Wye,Pockey,15
Male,Patric,Hawkeridge,13
Male,Tris,Paylor,15
Female,Kristine,Rubberts,10
Male,Derry,Daubeny,10
Female,Uta,Been,19
Female,Inesita,Kippling,10
Male,Dalston,Lorne,12
Male,Henrik,Dunley,14
Male,Udale,Gage,12
Male,Eduard,Flaverty,15
Female,Bevan,Letessier,20
Female,Brandise,Bounds,18
Female,Cara,Gerred,14
Male,Towny,MacWhan,13
Male,Padraig,Hanny,19
Male,Giselbert,Cordey,17
Male,Peder,McTurley,19
Male,Alley,Alven,15
Male,Terrell,Carlone,14
Female,Amandie,Speedin,20
Male,Hewe,Kitcherside,14
Female,Jilli,Ovendon,10
Male,Kiley,Risbridge,11
Female,Leola,Kench,13
Female,Kristyn,Ridley,19
Male,Ring,Garred,16
Female,Philis,Waything,11
Female,Dareen,Caine,16
Female,Reeva,Valentino,12
Male,Chance,MacConnell,19
Male,Loydie,Giovanni,19
Male,Angie,Whillock,10
Male,Sigismondo,Rayner,20
Male,Caddric,Sheara,10
Male,Felizio,Dannell,15
Female,Deena,Grogan,15
Male,Itch,Ebanks,14
Male,Ugo,Bumpus,11
Female,Lynn,Apted,11
Female,Daryl,Eastmead,18
Male,Stefano,Ettery,20
Male,Dicky,Pierton,14
Male,Benji,Echallier,20
Female,Ondrea,Segrott,20
Male,Antonino,Karolewski,19
Female,Dorthea,Blazey,19
Male,Alastair,Broadhurst,11
Male,Chrisse,McCoid,13
Male,Clayton,Brafield,19
Male,Eldin,Sweeney,10
Female,Eadith,Blennerhassett,16
Male,Gris,Videler,18
Female,Godiva,Queree,20
Male,Luigi,Clawley,16
Female,Anette,Britnell,19
Male,Abigale,Hammerich,16
Female,Anestassia,Ricioppo,15
Male,D'arcy,Waren,17
Female,Ania,O'Gready,19
Female,Issie,Ellissen,19
Female,Kinna,Downage,18
Female,Issiah,Moizer,12
Female,Maureene,Jobin,20
Female,Andy,Kiltie,13
Female,Leese,Buist,12
Female,Brandea,Stickley,10
Female,Corrina,Blanchard,11
Female,Lucie,Prangle,13
Male,Demetrius,Welbourn,10
Female,Nicoline,O'Giany,16
Male,Zed,Shynn,12
Male,Randie,Laba,17
Female,Georgine,Charlo,18
Male,Reagan,Demann,17
Male,Valentino,Schwandner,14
Male,Thain,Ygo,20
Male,Adam,Labin,18
Female,Carmela,Cordova,11
Male,Westbrooke,Readshaw,20
Female,Terri-jo,Bannister,10
Female,Charleen,Mehmet,20
Female,Corene,Ebbutt,15
Male,Brandon,Garraway,20
Female,Bernardine,Folkerts,20
Male,Jolee,Pulster,19
Female,Daphne,Lindstedt,15
Female,Loretta,Ramsby,11
Male,Gareth,Putton,10
Male,Jerrold,Swatheridge,13
Female,Milton,Ladbrooke,14
Male,Cam,Dowdney,14
Male,Nealy,Mapowder,18
Male,Raimondo,Feben,14
Female,Barry,Lyles,14
Male,Aldus,Markham,13
Female,Eve,Garwood,11
Male,Darrel,Rudall,14
Female,Lesley,Seebright,13
Male,Hollie,Glass,14
Male,Hoebart,Outlaw,18
Male,Mendy,Woodyeare,10
Male,Kalina,Jekel,17
Female,Ora,De Bruyne,12
Female,Marylynne,Wolseley,15
Female,Karena,Eaglen,11
Male,Sig,Claridge,19
Male,Carver,Braunton,10
Male,Kelsey,Flippelli,19
Female,Jolie,Hawkridge,13
Female,Danita,Coughlin,18
Male,Wyn,Valler,10
Male,Otto,Wahner,16
Female,Dacey,Fenby,19
Female,Selina,Attack,12
Male,Bendicty,Capponer,13
Male,Birk,Grieve,12
Male,Balduin,Farloe,20
Male,Thorny,Kisby,13
Male,Isidro,Fawkes,17
Female,Therine,Jenckes,19
Male,Reid,Robelin,16
Male,Dannel,Bartlam,15
Male,Giacomo,Kirkup,16
Female,Emiline,Archbald,19
Female,Sile,Nuth,15
Male,Ilario,Jellico,13
Male,Clevie,Baxstair,17
Female,Amandy,St Clair,13
Male,Corbie,Durbin,20
Female,Ebonee,Espy,20
Female,Glynis,Hayle,18
Male,Alf,Dumberrill,12
Male,Desmund,Brockett,13
Male,Boot,Paramore,14
Female,Nickie,Mortel,20
Male,Vonnie,Lidington,12
Female,Marleah,Elsip,13
Male,Hammad,Isack,16
Female,Manfred,Sowle,13
Female,Zola,Llop,10
Female,Maurene,Dumingo,18
Male,Mathew,Ingamells,14
Female,Babette,Wagerfield,14
Female,Lind,Berry,15
Male,Sebastien,Owthwaite,15
Male,Langston,Cashen,18
Female,Corabella,Shawell,19
Male,Albie,Provest,16
Female,Marcille,Smitham,10
Male,Rodney,Aire,12
Male,Merrick,Strangman,13
Male,Darren,Bredbury,11
Male,Corney,Iamittii,20
Female,Isadora,Bastow,13
Male,Cy,Swanson,19
Female,Tiena,Ranshaw,15
Female,Sheilah,Innett,14
Female,Jacky,Greenlies,10
Female,Anneliese,Crowne,18
Female,Ede,Inold,16
Male,Lindy,DeSousa,15
Female,Karly,Winward,17
Female,Jermaine,Brookbank,12
Male,Pauly,Crowcum,11
Male,Kendricks,Rebillard,14
Female,Dasha,Edgley,14
Male,Jarrett,Garratt,15
Female,Kerrin,Moneypenny,14
Male,Krishnah,Trynor,16
Female,Jena,Keddle,14
Female,Alayne,Waddilove,18
Female,Nissy,Thunderman,15
Female,Eugen,Blessed,18
Male,Demetris,Males,17
Female,Brandy,Kimberly,14
Male,Derick,Grzesiewicz,12
Male,Cart,Wharton,12
Male,Norman,MacGraith,10
Male,Fee,Shafier,15
Female,Winny,Janczyk,10
Female,Lura,Sandyfirth,18
Male,Boot,Carruth,10
Female,Joannes,Cuddehy,18
Female,Joy,Eyles,11
Male,Gerrard,Fawks,15
Male,Goraud,Schruyers,15
Female,Jena,Wipper,14
Male,Park,Gordon,17
Female,Netty,Lugsdin,10
Female,Wilhelm,Georger,13
Female,Nonnah,Sparke,20
Female,Annabal,Seccombe,10
Male,Geoff,Poff,13
Male,Nickola,McGillreich,12
Female,Alissa,Skrine,16
Male,Caspar,Iacovozzo,20
Male,Fremont,Darcey,10
Male,Ruby,Greig,13
Male,Pete,Standell,13
Male,Carney,Benbow,16
Female,Lauren,Gunda,13
Female,Alanna,Insoll,19
Male,Paton,McGlashan,18
Male,Julie,Monck,20
Male,Efrem,Stockdale,11
Female,Alejandra,Comolli,20
Male,Royall,Tabner,16
Female,Nadean,Whelpton,17
Male,Gordon,Mothersole,13
Male,Cammy,Tuhy,16
Male,Abelard,Dalinder,20
Female,Brenna,Utting,16
Male,Aristotle,Petera,15
Female,Lyndell,Harkins,15
Male,Miles,Craine,10
Female,Roselia,Jandac,17
Female,Roch,Twentyman,14
Male,Marion,Gounod,15
Male,Lay,Finnick,10
Female,Erminia,Harbage,10
Male,Ross,MacNalley,18
Male,Hastings,Klossmann,14
Female,Bartholemy,Snoddon,10
Male,Tait,Seabourne,16
Female,Sallie,Jelphs,19
Female,Karalee,Le Page,20
Female,Cele,Allday,13
Male,Man,Ladon,12
Male,Corny,Alelsandrowicz,10
Male,Hirsch,Osgar,14
Female,Pegeen,Da Costa,13
Male,Christopher,Bassam,15
Male,Demetri,Cheers,18
Female,Nancee,Lelievre,16
Female,Merola,Sorrill,17
Male,Adolf,Kermath,10
Female,Robinett,Chellenham,14
Male,Clair,Spellar,13
Female,Robbi,Streatfeild,19
Female,Marcie,O'Scully,11
Male,Jorge,Lyard,20
Female,Zahara,Callander,19
Female,Hope,Shannon,17
Male,Winslow,Benezeit,16
Female,Sioux,Rampling,15
Female,Bernelle,Hebner,12
Female,Ekaterina,Harley,12
Female,Corabelle,Meece,15
Male,Bruno,Bysouth,19
Female,Roseann,Wank,14
Male,Marwin,Etchells,18
Female,Leonelle,Gault,20
Female,Candace,Menelaws,19
Female,Stefa,Maffei,17
Male,Renaud,Collip,12
Female,Blake,Muddle,17
Male,Symon,Lishmund,11
Female,Dominga,Girhard,18
Male,Paolina,Melross,10
Male,Kimble,Jillins,20
Female,Virgina,Lethcoe,12
Male,Thorny,Deakan,12
Female,Sibylle,Limer,14
Male,Hershel,Pietri,13
Male,Llywellyn,Potticary,19
Male,Hayden,Charlet,11
Female,Jacquie,Poundford,17
Female,Kore,Klisch,18
Male,Virgilio,Halbord,20
Female,Constanta,Steel,14
Female,Ibby,Wakeley,11
Male,Sayers,Vevers,16
Male,Isaiah,Gainforth,12
Male,Zolly,Willisch,16
Female,Luise,Bartoszinski,16
Male,Thedric,Fleischmann,20
Male,Herculie,Shepherdson,15
Male,Laird,Stansell,14
Female,Marysa,Bilston,16
Female,Winnah,Pieche,20
Male,Judas,Speek,15
Female,Saree,Stemp,18
Male,Tait,Lezemore,15
Male,Branden,Jaspar,17
Male,Hamil,McElwee,10
Male,Felizio,Sculley,17
Female,Prudence,Hoble,11
Male,Hall,Bresner,18
Male,Mortimer,Amori,11
Female,Lise,Cahan,18
Male,Jock,Handy,20
Female,Lane,Goforth,13
Male,Marius,Antoniou,13
Female,Saudra,Meadway,18
Male,Zachery,Eastridge,12
Female,Sharl,Diddams,13
Male,Gawain,Perkis,16
Female,Fanny,MacGruer,18
Female,Kelila,Dacre,12
Male,Fidole,Newiss,11
Female,Carolann,Concannon,14
Male,Joaquin,Pinnegar,13
Female,Ellynn,Blacksell,10
Female,Enriqueta,Doniso,20
Male,Henderson,Jordine,17
Male,Rozamond,Frankowski,14
Male,Ode,Mynett,19
Male,Kareem,McLoney,19
Male,Ransom,Marcussen,16
Male,Cordie,Caseley,14
Male,Thayne,Fitt,13
Male,Rickey,Wicken,16
Male,Mario,Blakeden,13
Female,Lelia,Whawell,18
Female,Cecile,Sigg,17
Female,Barbette,Frodsam,18
Male,Emmet,Petrollo,16
Female,Tish,Limming,10
Male,Nikola,Whittington,11
Male,Byron,Surtees,16
Female,Calla,Olsen,12
Male,Granthem,Ferry,17
Male,Guthry,Boddis,18
Male,Roth,Scotchmur,15
Female,Padraig,Chapman,19
Male,Artus,Alelsandrowicz,12
Male,Kris,Roiz,15
Male,Bo,Farady,14
Female,Janifer,Canizares,20
Female,Max,Braunstein,15
Female,Lucia,Bayly,17
Male,Homerus,Joontjes,17
Female,Wallie,McKeown,14
Female,Olwen,Outibridge,14
Male,Jed,Lanchbery,17
Male,Tadd,Pass,10
Male,Deck,Dewes,13
Male,Rufe,Bennough,10
Male,Padraic,Wyrall,17
Female,Bea,Valencia,10
Male,Dougy,Aloshkin,10
Male,Esdras,Dommersen,14
Female,Tamas,Wraith,18
Male,Lalo,Mundall,20
Male,Cad,Berrycloth,18
Male,Giffie,Pimbley,20
Male,Timothea,D'Emanuele,14
Male,Sonny,Carder,20
Male,Esteban,Gosswell,13
Male,Wain,Muldownie,17
Female,Bethanne,Byrcher,13
Male,Elwood,Sennett,18
Female,Gustavus,Gronaver,16
Female,Bennie,Achromov,11
Male,Kiel,Sanderson,15
Female,Margarete,Church,11
Male,Moises,Leap,15
Male,Trev,Kurtis,20
Female,Lanna,Rawlinson,19
Female,Maddie,Antonchik,18
Female,Bryna,Kelby,17
Male,Wilbur,Wedmore,16
Male,Romeo,Tombleson,17
Female,Dotty,Walden,12
Female,Debera,Adamsson,18
Female,Lilah,Cruft,18
Female,Cliff,Kobke,11
Male,Jon,De Bruyn,12
Male,Alfonso,Paulisch,20
Female,Jermaine,Eggleston,14
Male,Sheppard,Bernucci,15
Female,Christiane,Fevier,19
Female,Harmonie,Nardoni,18
Female,Meaghan,Goolding,19
Male,Raffaello,Emnoney,18
Male,Sarge,Beville,14
Male,Adler,Glynne,10
Female,Raye,Casolla,10
Female,Jami,MacCartan,20
Female,Tove,Basili,13
Male,Rex,Kyndred,14
Female,Evey,Shaylor,17
Female,Jaquenette,Lenglet,12
Male,Yorke,Willicott,12
Male,Davey,Elloit,20
Female,Dyane,Ferryman,12
Female,Orsola,Maxweell,11
Male,Patten,Ellerington,10
Female,Kathy,Webb-Bowen,17
Female,Nat,Keeling,16
Male,Edlin,Broker,11
Male,Raffaello,Mallows,11
Male,Sandy,Moizer,17
Male,Barbee,Emeline,12
Male,Sarine,Bareham,20
Female,Auberta,Speachley,17
Male,Jedidiah,Beyne,16
Male,Thurston,Grise,19
Male,Hazel,Jessop,11
Male,Gothart,Penylton,18
Male,Washington,Bonavia,11
Female,Ofelia,Heyball,14
Female,Monroe,Dearnley,15
Female,Teodora,Marc,11
Male,Evan,Asker,19
Male,Pietrek,Evershed,10
Female,June,Handmore,14
Female,Lilian,Steger,18
Male,Ced,Deroche,15
Female,Althea,De Metz,10
Female,Libbey,Hughill,17
Male,Blair,Clunie,20
Male,Reilly,Duggleby,14
Male,Klemens,Danielsky,12
Female,Eran,Mattisssen,12
Male,Winifield,Casbon,16
Male,Rollo,Fowls,19
Female,Abigael,Bourgour,16
Female,Emelita,Clerc,18
Female,Sofie,Degue,13
Female,Chelsey,Klarzynski,11
Male,Willy,Zisneros,17
Male,Bevin,Berceros,18
Female,Golda,Varah,14
Female,Carlyn,Freda,16
Female,Jessa,Tayler,15
Male,Christoffer,Cradoc,20
Female,Lizzie,Millyard,10
Female,Ella,Mintrim,15
Male,Howard,Skrine,14
Male,Bink,Haggish,11
Male,Verney,Kern,18
Female,Hephzibah,Buddles,17
Male,Burnard,Seager,19
Female,Correna,Smeaton,10
Male,Erie,Sudell,20
Female,Lynnett,Beddon,16
Male,Roberto,Preedy,17
Male,Prent,Syplus,15
Female,Galina,Balleine,16
Female,Rozanne,Rains,17
Male,Gustav,Pedrollo,15
Female,Mil,Eason,10
Female,Emmi,Rushsorth,11
Male,Lancelot,Salerg,19
Male,Archambault,Thomazin,19
Female,Elvera,Lohering,10
Male,Burton,Perocci,15
Male,Padget,Zuppa,15
Male,Erv,Woltman,11
Female,Pepita,Patington,14
Male,Alex,Acreman,15
Female,Crystie,McNeil,14
Female,Gwenora,Hoxey,13
Male,Percival,Barthropp,20
Female,Cristionna,Morley,15
Female,Barbette,Camous,18
Male,Merrick,Leneham,11
Female,Aura,Littledyke,16
Female,Taffy,Fenby,10
Male,Alistair,Bern,15
Female,Ardine,Sturzaker,12
Female,Jeralee,Teal,17
Male,Kelly,Wiffield,15
Male,Ardine,Sutworth,18
Male,Merle,Quarrell,17
Male,Orton,Lennox,16
Male,Tiebold,Jirsa,18
Female,Tedra,Sines,17
Female,Cherie,Lanon,20
Male,Felicia,Stubbes,18
Male,Ezekiel,Dunrige,16
Female,Gussie,Livingston,11
Male,Giavani,Faragher,17
Male,Griz,Lockhart,10
Male,Guilbert,Fibben,10
Male,Mortimer,Gowenlock,10
Male,Keenan,De'Vere - Hunt,15
Male,Ode,Ouslem,17
Male,Evonne,Pearcehouse,16
Male,Berkley,Surphliss,15
Female,Lydie,Molan,16
Female,Anna-diane,Readshall,16
Female,Harmonie,Carrigan,19
Male,Eberhard,Fackney,12
Male,Peyter,Weild,16
Male,Patrick,Dargue,15
Male,Pernell,Krug,10
Female,Lishe,Daborn,15
Female,Rosy,Cammacke,16
Male,Sherwood,Ollenbuttel,11
Male,Townie,Dorwood,12
Male,Hugh,Lever,11
Female,Tamra,Battisson,12
Female,Jody,Gerding,12
Female,Cyndie,Staddart,13
Male,Devlin,Rosling,14
Male,Cristobal,Briscam,16
Male,Nehemiah,Robrose,19
Male,Dario,Forster,10
Male,Ogdan,Ibert,12
Male,Shermie,Figin,10
Male,Ulysses,Larroway,10
Male,Nick,Lode,14
Male,Mattias,Yurikov,20
Male,Avigdor,Climie,13
Female,Dasha,O'Hingerty,17
Female,Janine,Pimley,16
Male,Mackenzie,Shearman,11
Male,Dennis,Danielkiewicz,11
Female,Hedda,Hellwig,16
Female,Berrie,Domengue,16
Female,Christiana,Savoury,10
Male,Alfie,Katt,11
Male,Sullivan,Risebrow,18
Female,Mari,Loiterton,12
Male,Florrie,Marling,20
Male,Bordie,Hannon,11
Female,Almeria,Hillburn,15
Male,Lothaire,Riolfi,16
Male,Keven,Sweetlove,15
Female,Ardella,MacCollom,19
Female,Benedicta,Bulfield,14
Female,Marthena,Jaukovic,16
Female,Sileas,Norway,15
Female,Ardyce,Daft,14
Male,Monty,Carruthers,20
Male,Bear,Gellately,17
Female,Krissy,Cleen,19
Male,Rubi,Bolstridge,10
Male,Nikita,Capeloff,12
Male,Abel,Antoney,16
Male,Lucho,Marchello,16
Male,Hayden,Netti,10
Male,Vanya,Abrahamson,12
Female,Dottie,Jiruch,17
Male,Marcellus,Edland,12
Female,Chlo,Grist,11
Male,Pasquale,Presnail,17
Male,Michell,Whinney,20
Male,Leslie,Penddreth,14
Male,Nial,Braney,10
Male,Finn,Gouldie,16
Male,Justino,Birrell,14
Male,Prent,Lange,19
Female,Alika,Stollenhof,11
Male,Ellerey,MacKeogh,20
Male,Tymothy,Whiston,12
Male,Lombard,Stables,12
Female,Arlyne,Broadis,16
Male,Artair,Fulford,16
Female,Dulcea,Crinidge,20
Female,Roselia,Pucknell,12
Female,Estevan,Dennick,11
Female,Hayley,Skelton,13
Male,Ambrosius,Colebrook,13
Female,Vicki,Kubas,10
Male,Melamie,Arendsen,20
Male,Fax,Giblin,11
Female,Cassi,Muncie,14
Male,Jaimie,Lody,12
Female,Charmion,Clapham,20
Male,Pryce,MacPaike,20
Male,Maurits,McAw,13
Female,Claresta,Christou,11
Male,Nil,Shotbolt,11
Male,Caesar,Ceresa,14
Female,Mariquilla,De Benedetti,20
Female,Franny,Thew,11
Male,Jud,Shevelin,11
Female,Wynne,Ibanez,15
Female,Augusta,Keatch,20
Female,Alyson,Renoden,20
Male,Xever,Baskeyfied,16
Female,Penelope,Dornin,15
Female,Blinny,Coase,11
Female,Nataline,Bigglestone,10
Female,Stacia,MacPaden,20
Male,Brennan,Russel,16
Male,Link,Stilling,19
Female,Nonnah,Glassup,15
Male,Grant,Abade,18
Female,Brandi,Housbey,15
Female,Edy,Poulglais,20
Female,Karlene,Danforth,13
Male,Farleigh,Broschke,11
Male,Dominique,Sigart,11
Female,Costanza,Dubois,11
Male,Lisle,Dovermann,20
Female,Georgina,Sellars,14
Female,Bianka,Salling,19
Female,Cammie,Minocchi,14
Female,Orsa,Krinks,12
Male,Demetris,Arnot,16
Female,Julieta,Avory,13
Female,Garland,Lile,13
Male,Mattias,Divall,20
Male,Eduardo,Wisby,18
Female,Oriana,Bradie,20
Male,Pieter,Guisot,16
Male,Raddy,Romera,13
Female,Corrie,Thickens,15
Female,Georgeanne,Lomax,12
Female,Deane,McNelis,18
Female,Starla,Laidler,17
Female,Britt,Sherebrooke,19
Female,Kameko,Keppie,20
Female,Mahalia,Hoff,10
Male,Henry,Crowdson,17
Male,Courtney,Sarton,19
Male,Rice,Donizeau,18
Female,Joey,Barwack,17
Male,Cross,Rutley,13
Male,Lorrie,Disman,10
Female,Marillin,Tyrer,18
Male,Arte,Bru,15
Female,Jolyn,Oldroyde,10
Female,Guinna,Marshal,11
Female,Kerianne,Robion,18
Female,Iris,Izard,13
Male,Mufinella,Tuerena,10
Male,Bobbie,Rames,17
Male,Thurstan,Jarnell,11
Female,Sena,Sonier,10
Female,Angelique,Clemence,14
Female,Shelby,Measures,18
Male,Fair,Licari,18
Female,Benedikta,Humbell,19
Male,Udell,Gedney,16
Female,Audra,Ivanyukov,14
Female,Harriet,Charker,16
Female,Katharyn,Kilshall,17
Female,Tally,Hobble,14
Male,Andras,Summerson,11
Female,Angelika,Miche,14
Male,Addy,Arlett,20
Female,Myca,Nacey,11
Male,Sly,Strawbridge,15
Male,Townie,Summerlad,18
Male,Chevalier,Rillett,12
Male,Ulises,Wipfler,10
Male,Beltran,Fawdery,16
Male,Lucy,Node,19
Female,Catherine,Tomeo,12
Female,Gilda,Astbury,18
Female,Lucina,Armstead,19
Male,Wallache,Slatter,14
Male,Orin,Rowlett,15
Female,Cloris,Mangan,19
Female,Pincus,Audley,10
Female,Tammara,Slocket,15
Female,Carly,Lewsie,15
Female,Chickie,Tollit,14
Male,Wayne,Calender,13
Female,Dara,Meaney,13
Male,Raphael,Spores,16
Male,Gayler,Hurle,18
Female,Flor,Devinn,10
Male,Onfre,Kimpton,19
Female,Babbette,Cheshir,19
Male,Noble,Surr,19
Female,Byrle,Aubray,10
Female,Milka,Simmonds,14
Female,Othelia,Woodison,12
Female,Barby,Crammy,15
Female,Cherilynn,Drust,10
Female,Gianna,Danielou,20
Male,Larry,Sterte,18
Male,Godfree,Robbey,10
Male,Janek,Brambley,13
Male,Ario,Pentycross,14
Male,Abbott,Tiesman,18
Female,Demeter,Kelner,16
Female,Selene,Herculeson,16
Male,Burgess,Krause,13
Female,Lianna,Kybert,16
Male,Travis,Bazely,20
Male,Culley,Averill,11
Male,Christos,Tune,20
Female,Aubrey,Abbie,16
Female,Denise,Canero,16
Female,Inna,Kopfen,16
Male,Felix,Idenden,18
Male,Fredric,Rhucroft,12
Male,Wallache,Boik,16
Male,Wang,McGillacoell,17
Female,Kerry,Rikkard,15
Male,Jermaine,Pavlov,15
Female,Charisse,Tristram,10
Female,Marybeth,Mundie,20
Male,Teodoor,Garvie,18
Female,Annmaria,Haylett,13
Female,Dorena,Gaylord,13
Male,Bastien,Cristofolo,10
Female,Winnifred,Seamark,18
Female,Sherill,Balding,11
Male,Ingamar,Plain,19
Female,Pippy,Perree,17
Female,Ingaborg,Dhillon,17
Female,Neila,Silkstone,19
Male,Kendall,Hansod,10
Male,Broderick,Van den Dael,10
Male,Wye,Edworthie,12
Male,Blythe,Hannam,12
Female,Marthe,Gurry,10
Female,Dael,Goatcher,20
Female,Edeline,de Zamora,11
Female,Maxine,Cummins,19
Female,Mercie,Henken,15
Male,Merci,Wetherhead,19
